target,source
街头导向地图的更新速度或许能更快一点,街头导向得图得更新速度或许能更快一点
西安市雁塔区西八里姑娘村商家占道经营愈发严重,西安市雁塔区西八礼姑娘村商家占道经营愈发严重
致使小区生态环境变差,地致小区生态环境变差
招商蛇口为西安绿美社区建设添上一抹亮色,招商蛇目伪西安绿美社区建设添上一抹亮色
产业部门按履约协议监督项目建设进度与规划执行,产业部门按履约协议监督项目建设进度合规划执行
规划借助动态监测评估预警及定期开展国土空间开发保护现状评估,规划借助动态监测评估预警及定期开展国土空间开髮保护现状评估
房地产企业债务违约情况频繁发生,房得产企业债务违约情况频罚发生
提议在旅游景点配备多语言交通指引,提议再旅游景点配备多语言交通指引
高新区草堂科技产业基地工业用地亩均投资强度不低于 600,高新区草堂科技产业基得工业永地亩均投资强度不低于 600
打造一河一脉三区四带两核七片多点多线的历史文化保护传承总体格局,打造一河一脉三区四带两核七片多点多线地历史文化保护传承总体格局
重点推进大寨村、西姜村等城改项目的规划优化工作,重点推进犬寨村、西姜村等城改项目的规划优化工作
火车站货运场在夜间开展作业,地车站货运场在夜间开展作业
坚持规划一旦制定就不能随意调整,坚持规划一睛制定就布得随意调整
西安推动保障性住房与商品房混合开发,西安推动保障性住房与商品房混合开罚
让传统文化用更鲜活的方式融入市民生活,让传统文化已更鲜活地方式融入市民生活
提高土地节约集约利用的程度,提高土得节约集约利永利用的程度
国务院核准《西安市国土空间总体规划（2021—2035,国务院核准《西安市国士空间总体规划（2021—2035
不要让保护名录中的遗址周边发生生态破坏,不要让保护名录里地遗址周边发生生态破坏
例如航天基地工业地块要求亩均税收不低于 50,例如航天基地工业得块药求亩均税收不低于 50
旁边还有售卖串串和加墨的摊贩,旁边还友售卖串串和加墨的摊贩
演员们的专业演出为古城增添了十分浓厚的文化氛围,演员们的专业演出为古城增添了十分浓厚得文化氛围
古树、水景和古建筑相互映衬得很好,古树、水景禾古建筑相互映衬得很好
不少人对新一线城市的交通表示很难接受,不少人对新一线城市地交通表示恨难接受
之后就让装修业主优先入住,燃后就让装修业主优先入住
能否把你们的施工标准做一下对比,能否把你们地施工标准做一下对比
推动城镇基本公共服务实现常住人口全覆盖,推动城镇基本公共服务实现场住人口全覆盖
能看到西安对老城区的改造，既保留唐风古韵又加入现代元素,能看到西安对老城区的改造，既保留唐风古韵又加入线代元素
劳动北路断头路打通工作进入了实质推进阶段,劳动北路断头路打通工作进人了实质推进阶段
临潼区体育路与万年路十字往东延伸到砖房街道口,临潼区体育路河万年路十字往东延伸到砖房街道口
老城墙根下的生态环境变得越来越好,老城墙根下的生态环境变得越赖越好
集体土地中的非住宅按评估价进行一次性补偿,集体士的中的非住宅按评估价进行一次性补偿
必须针对调整的必要性提交专题报告,必须针对调整的必邀性提交专题报告
规划修建对外收费的公共停车场,规划修建队外收费地公共停车场
大唐芙蓉园的水幕电影拥有先进技术,大唐芙蓉园地水幕电影拥有先进技术
部分城市盲目追求所谓的国际大都市定位,部分城市盲目追求所谓地国际大都市定位
土地出让时明确投资强度、容积率等核心指标,土地处让时明确投资强度、容积率等核心指标
当前商业地产市场的竞争十分激烈,当前商业得产市场的竞争十分激烈
基本实现了国土空间治理体系与治理能力现代化,基本实线了国土空间治理体系与治理嫩力现代化
规划设计与风貌管控应和当地自然风貌、乡土风俗相呼应,规划设计与风貌管控应和当地自然风貌、乡土风俗相呼英
"西安近期启动的 ""见缝插绿"" 工程成效很显著","西安近期启动得 ""见缝插绿"" 王程成效很显著"
通过等平台咨询拆迁进展、反馈相关问题,通过等平台咨询拆迁进展、反馈相关稳题
但这把大慈恩寺的历史氛围给冲淡了,但这把八大慈恩寺地历史氛围给冲淡了
但是大家真的对经开区交警大队的缓堵措施表示寒心,但是大家针的对经开区交警大队地缓堵措施表示寒心
土地征收储备计划应优先保障回迁安置、民生项目、基础设施及重大产业用地,土地征收储备计划应优先保障回迁安置、民生项目、基础设施合重大产业永地
这种行为对文物本身就是一种伤害,这种行为兑文物本身就是一种伤害
丹凤丹凤燃气公司开始着手为各个小区通气,丹凤丹凤燃气公司开始着手及为各个小区通气
"进一步完善 ""一群四带"" 城镇化体系","进一步地善 ""一群四带"" 城镇化体系"
大部分公交车内都没有 WiFi 覆盖,大部分地交车内都没有 WiFi 覆盖
"西安市推出 ""公交优先"" 政策之后","西安市推处 ""公交优先"" 政策之后"
新房和二手房的市场热度均有所提升,心房和二手房的市场热度均有所提升
房地产开发商拿地的积极性受到了影响,房地产开罚商拿地的积极性受到了影响
拆迁补偿款监管账户已完成设立,地迁补偿款监管账户已完成设立
西北首家文华东方酒店选址落址西安曲江,地北首家文华东方酒店选址落址西安曲江
举行听证会，或在公示期收集公众建议,举行听证汇，或在公示期收集公众建议
对某房地产项目开展质量检测工作,对某房的产项目开展质量检测工作
商业地产领域的投资热情有所下降,商业得产领域的投资热情有所下降
大明宫遗址公园内的‘遗址,大明宫遗址公园地内的‘遗址
“公园城市” 的理念在西安得到了很好的实践应用,“公园城市” 的理念再西安得到了很郝的实践应用
这条路可以说是一段比较尴尬的路,这条路可已说是一段比较尴尬的路
集体土地征收前需召开村民大会,集体土得征收前需召开村民大绘
部分公园的维护工作还需要进一步加强,部分公园地维护工作还需邀进一步加强
"坚决杜绝 ""一任书记一座城"" 的现象","坚决杜绝 ""一任书纪一座城"" 的现象"
学费两万元这一点就暂且先不说,学费两万元这一点就暂且先布说
钟楼地下通道的指示牌内容不清晰,钟楼的下通道的指示牌内容不清晰
规划制定了 17 项主要管控指标，包括耕地保有量、永久基本农田保护面积等,规划制定了 17 项主邀管控指标，包括耕地保有量、永久基本农田保护面积等
长建・翠景台三期实景示范区已对外开放,长建・翠景台三期实景示范区已兑外开放
为古城的夜经济增添了浓厚的书香气息,为谓古城的夜井济增添了浓厚的书香气息
国有土地产权调换的过渡期≤36 个月,国有土地产权调换的锅渡器≤36 个月
写字楼市场需求引擎的动能实现焕新,写字楼市场需求引擎的动嫩实现焕新
科学规划是发展过程中最大的效益,科学规划事发展过程中最大的效益
所用的电都是从物业服务中心购买的,所用的电都是丛物业服务中心购买的
开发商把规划中的绿化用地改建成了停车场,开发商吧规划中地绿化用地改建成了停车场
全力实施工业污染全面达标排放计划和燃煤电厂超低排放改造工程,全力实施王业污染全面达标排放计划和燃煤电厂超低排放改造王程
前者主要以工业遗产活化工作为主,前者主要已工业遗产活化工作谓主
二期项目计划启动陇海铁路盖板明洞工程,二其项目计划启动陇海铁路盖板明洞工程
城市更新工作应注重历史文化遗产的保护,城市更辛英工作应注重历史文化遗产的保护
不断完善老城区的公共服务配套设施,不断地善老城区的公共服务配套设施
丰登南路道路施工的整体进度比较缓慢,丰登南路道路施王的整体进度比较缓慢
工作成果要做到吸引人、看得懂、记得住、能落地、好监督,工作成果要做到吸引人、看得懂、记得住、能落地、号监督
虽然当前旅游管理工作还需要细化,虽然当前虽染旅游管里工作还需要细化
永华里棚改项目已实现交付,永华礼棚改项目已实线交付
通过生态廊道将现代功能区连接起来,通过生态廊道将线代功嫩区连接起来
规划出现失误是发展中最大的浪费,规划出现失误是发展中最大得浪费
元丰怡家小区是经市发改委等六部门批准的经济适用住房项目,元丰怡家小区是经市髮改委等六部门批准的经济适用住房项目
共有产权房用地的容积率控制在规定标准内,共有产权房用得的容积率控制再规定标准内
10# 到 16# 楼栋区域没有人防车位,10# 到 16# 楼栋区域没有入防车位
部分地方存在规划浪费的问题,部分地方存再规划浪费的闻题
规划通过动态监测评估预警及定期开展国土空间开发保护现状评估,规划通过通国动态监测评估预警及定器开展国土空间开发保护现状评估
但实际执行过程中总有人钻空子,但实际执行过程中总友八钻空子
西安市土地利用功能转型呈现出农业生产用地减少、生活用地增加的趋势,西安市土地利用功能转型呈线出农业生产用地减少、生活用地增加的趋势
西安在发展过程中没有迷失自我,西安在发展过程中没有再迷失自我
国际港务区优先保障物流仓储用地,国际港务区优先保障物流仓储佣的
西安市长安区住房和城乡建设局作出回复,西安市常安区住房和城乡建设局作出回复
规划提出要保护底蕴深厚的文化空间,规划提处要保护底蕴深厚得文化空间
当时的购房合同白纸黑字注明 5 年内解决房产证问题,当时的购房合同白纸黑字注明 5 年内解决房产证闻题
本人在 2021 年 2 月购买了灞桥区长乐坡城改项目,末人在 2021 年 2 月购买了灞桥区尝乐坡城改项目
西安在城市更新过程中注重保留老街巷的肌理,西安在城市更新过程中注重保留老街巷地肌里
政府提供公租房、临时安置点等保障措施,地府提供公租房、临时安置点等保障措施
规划明确提出单位国内生产总值建设用地使用面积下降率不得低于 40%,规划明确提处单位国内生产总值建设用地使用面积下降率不得低于 40%
公开公示补偿方案、评估结果和安置房源,公开公示补偿方案、评估结果禾安置房源
提议在高峰时段增加区间车辆,提议再高峰时段增力区间车辆
同时也要注重改善老城区居民的生活条件,同时业要注重改善老城区居民得生活条件
规划提出要构筑山清水秀、安全稳固的生态空间,规划提处要构筑山清水秀、安全稳固得生态空间
匠呈新境】翰林府美学生活馆与森境样板间同步开放,匠呈心境】翰林府美学生活馆与森境样板间同步开放
允许工业用地兼容比例不超过,允许工业用得兼容比例不超锅
某小区物业服务企业引进了新的服务项目,某小区物业服务企业引进了心得服务项目
全方位开展生态修复与城市修补工作,全方位地面开展生态修复与城市修补工作
提升现有空间的利用效率,提升现友空间的利佣效率
规划对生态修复区域进行划分,地划对生态修复区域进行划分
容积率奖励政策向绿色建筑方向倾斜,地积率奖励政策向绿色建筑方向倾斜
年以上的老旧住宅电梯进行更新,年已上的老旧住宅电梯进行更心
近期在街头发现了不少特色雕塑,近期再街头发现了布少特色雕塑
年建设用地的总规模控制在标准内,年建设佣地的总规模控制再标准内
近期环城公园新增了不少休息长椅,近期环城公园辛添了布少休息长椅
要求工作人员在工作期间做好投诉电话接听与服务,要求工作人员在工作期间做郝投诉电话地接听与服务
再次为市民提供了大型休闲空间,再次伪市民提供了大型休闲空间
利用全息技术重现历史场景,利用运永全息技术重线历史场景
涉及购房契税、电诈惩戒等事项,涉及地关购房契税、电诈惩戒等事项
能够与单车公司协商划定停放区域,能够可已与单车公司协商划定停放区域
助力城市更新与文化强省建设同步发展,助力助加城市更心与文化强省建设同步发展
某城市对住房公积金贷款额度进行调整,地城市对住房公积金贷款额度进行调整
进门之前需做好长时间不发火的思想准备,进门之前需作好长时间不罚火的思想准备
水果摊贩占道经营、沿街叫卖,水果摊贩再占道经营、沿街叫卖
某写字楼加强与周边交通枢纽的联系,某写字楼力强与周边交通枢纽的联系
经营者因施工质量不合格给消费者造成的损失需一并承担,经营者因施工质量布合格队消费者造成的损失需一并承担
提议推广智慧停车系统,提议地议推广智慧停车系统
古碑处于绿树中更具韵味,古碑处于再绿树理中更具韵味
规划要求对国土空间开发保护格局进行系统优化,规划邀求对国土空间开髮保护格局进行系统优化
从大雁塔北广场、慈恩西路等核心区域出发,从丛大雁塔北广场、慈恩西路等核新区出发
公交车内部空调温度设置不合理,公交车内部空调温度设置不合里
征收范围的东端起于华山铁路专线,征收范围的东端起于华彡铁路专线
配套建设学校和医疗设施,地套建设学校和医疗设施
西安在传统小吃标准化工作上取得进展,西安在传统小吃地标准化工作上取的进展
提高响应效率和服务品质,提高响英效率和服务品质
经营性用地若改变用途需重新出让,经营性用地若改变佣途需重辛出让
物业与施工方称是进行维修,物业与施工方称说事进行维修
公交车驾驶员服务态度较差,地交车驾驶员服务态度较差
每年举办的元宵灯会都十分精彩,每年举办得元宵灯绘都十分精彩
"提议在中小学校周边推广 ""爱心护学岗""","提议再中小学校周边推广 ""爱新护学岗"""
当前热门景区周边密度较高,当前口前热门景区周边密度较高
私家车不要停在路边充当僵尸车,私家车不要布停再路边充当僵尸车
巧妙地融入了长安文化元素,巧妙地融人了厂安文化元素
盲目跟风规划、一意孤行终将成为笑话,盲目更风规划、一意孤行终将成为笑话
西安东站枢纽征收高桥村等地块,西安东站枢纽征收高桥村等士得地块
例如八〇九库项目公示补偿标准、安置房源等信息,例如人〇九库项目公示补偿标准、安置房源等信息
规划对接共建一带一路、新时代西部大开发新格局等国家战略,规划对接共建一带一路、新时代西部大开罚新格局等国家战略
辛家庙立交桥下的积水问题多年未解决,辛家庙立交桥下的积水闻题多年未解决
超出的部分按照评估价进行补偿,超出的超初部分按照评估价进行补偿
西安市昆明路地铁口的管理较为混乱,西安市昆明路得铁口的管里较为混乱
切实让规划严格执行、落到实处,切实让规划硬起赖严格执行、落到实处
长乐坡地铁站外摩的揽客情况严重,长乐坡地铁站外摩得揽客县象情况严重
重点发现实施过程中的矛盾问题,重点发现实施中得矛盾闻题
燃气改造工程不包含燃气热水器与璧挂炉管道的拆除及恢复,燃气改造工程不包含燃气热水期与璧挂炉管道的拆除及恢复
某小区由于房屋质量问题,某小区由于房屋质量稳题
世邦魏理仕公布《2024,世邦魏里仕公布髮布《2024
部分公交站点与路口的距离过近,部分公交站点与路口的距离国近
大唐不夜城的灯光设计独具特色,大唐布夜城的灯光设计独具匠新特色
增加配售型保障性住房的建设与供给,增加配售型保障性住房的建设禾供及
公共自行车在古城墙周边的网点布局,公共自行车再古城墙周边得网点布局
城墙根部市民自发组织的文化活动日益增多,城墙根部市民自发组织的文化活动越莱日益增多
西安历史文化街区的改造工作,西安得历史文化街区的改造工作
小雁塔片区改造重视历史肌理的保护,小雁塔片区改造重视历史肌里的保护
某商业综合体公布年度招商规划,地商业综合体公布年度招商规划
优先保障光伏、风电等新能源的用地,优先保障光伏、风电等新嫩源的用得
某小区物业服务的质量较差,地小区物业服务的质量较差
杨凌示范区五星小区附近博学路存在占道经营,杨凌示范区五星小区附近博学路存在占道井营
护城河游船项目具有鲜明特色,护城河游船项目恨又鲜明特色
推动资源优势转化为经济优势,推动资源优势转化伪睛济优势
这是西安生态建设的最佳例子,者事这是西安生态建设的最佳例子
严重影响行人、非机动车及摩托车的安全行驶,严重影响倒行人、非机动车及摩托车的安全行驶
推动规划理念从扩张性转向限制性,推动规划里念从扩张性转向限制性
提议推广使用新能源出租车,提议推广使用辛嫩源出租车
城市规划将历史文化与生态保护相结合,城市规划将城规八历史文化禾生态保护相结合
西安在城市绿化过程中注重选用乡土植物,西安在城市绿化过程中注重选佣乡土植物
附近学生较多，存在安全隐患,附近学生较多，存再安全隐患
把购水和缴纳物业费进行捆绑,把地购水和缴纳物业费进行捆绑
西安经开区雅荷四季城交房 7 年仍未办理房产证,西安经开区雅荷四季城交房 7 年仍布给办里房产证
多个地区优化住房公积金政策,多个地区多的优化住房公积金政策
国有土地收购补偿通过评估与协商确定,国有土地收购补偿通过通锅评估与协商确定
提议增加生态降噪措施,提议增力生态降噪措施
西万路口红绿灯故障频繁发生,西万路口红绿灯故障频罚发生
西安城市规划让历史文化景区与生态湿地‘相连’,西安城市规划让历史文化景区合生态湿得‘相连’
既要依据问题制定规划，避免好高骛远,既要依据问题制定作规划，避免号高骛远
规划要求优化特色现代农业产业与农村居民点布局,规划要求优化特色线代农业产业禾农村居民点布局
规划加强陕北、关中、陕南三大区域资源统筹及要素流动,规划加强陕北、关中、陕南三大区域资源统筹及药素流动
部分路段的交通标志被树木遮挡,部分路段的交通标志倍树木遮挡
蓝桥镇蓝桥街村在主干道及群众集中区域均安装亮化路灯,蓝桥镇蓝桥街村在主干道及群众集中得方均安装亮化路灯
但施工期间的噪音与扬尘影响周边居民生活,但施工器间的噪音与扬尘影响周边居民生活
古城风貌怎样与现代建筑相协调,古城风貌怎样与县代建筑相协调
大兴东路有物流货车占道装卸货物,天兴东路有物流货车占道装卸货物
大唐不夜城的汉服体验馆数量日益增多,大唐不夜城得汉服体验馆数量日益增多
地铁站周边有流动摊贩占道经营,的铁站周边有流动摊贩占道睛营
规划强调保护和传承黄帝陵等中华文明与革命精神标识地,规划强调队保护和传承黄帝陵等中华文明合革命精神标识地
莲湖区西电片区规划新增医疗卫生用地块,莲湖区西电片区规划心增医疗卫生用地块
夜景照明应选用暖光且保持低亮度,夜景照明应选用暖光合且保持低亮度
西安在街景整治过程中注重保留老店铺招牌特色,西安在街景整治过程中再注重保留老店铺地招牌特色
重点发现实施过程中的矛盾问题,重点发现这力实施中地矛盾问题
但认为商业设施数量略多,但认为商业设施又点锅多数量略多
但历史文化街区的违建拆除能否更彻底,但历史文化街区的违建拆除能不嫩更彻底
9 月 28 日早晨 7 点乘坐 182 路公交车,9 月 28 口早晨 7 点乘坐 182 路公交车
翠屏湾小区基础设施破损，物业不进行维修处理,翠屏湾小区基础设施破损，物业布进行维修处理
年支持收购近万套存量商品房作为保障性住房,年支持收购近万套存量商品房永作作为保障性住房
柳林桥到高速路口的长距离范围内没有公厕,柳林桥到高速路目厂距离范围内没有公厕
并且存在井盖高于路面等问题,并且存在井盖高于路面等稳题
景兴村片区缺乏电信信号基站,景兴村片区梅又缺乏电信信号基站
凤城五路东西线地铁接驳线路未按媒体承诺时间开通,凤城五路东西线得铁接驳线路末按媒体承诺时间开通
地下车库的出入口设置不合理,地下车库的初入口设置布合理
由于施工方失误导致接口留错,由于施王方失误导致接口留错
反而要求居民承担整改费用,反而药求居民承担整改费用
科技六路没有直达西三环的公交车,科技六路没有直达西彡环的公交车
提议将 32 路、35 路延伸至软件新城,提议将 32 路、35 路延伸至软件辛城
提议对长安路（二环 - 雁塔南路段）及咸宁路进行拓宽改造,提议兑对长安路（二环 - 雁塔南路段）河咸宁路进行拓宽改造
西城区新发展区域的公厕布局较少,西城区心罚展区域的公厕布局较少
在小区南门建设市政停车场,在地区南门建设市政停车场
业主认为这会影响居住体验与城市形象,业主认位这会影响居住体验与城市形象
小区公共管道多次堵塞，导致污水倒灌入户,小区公共管道多次堵塞，导致污水倒灌八户
物业公司对业主购水进行限制,地业公司对业主购水进行限制
对交通秩序和市民出行造成影响,对交通秩序禾市民初行造成影响
小区和优质学校仅隔一条路,小区和优质学校仅隔一条支隔路
但学区被划分到较远的学校,但学区被划分到较远地学校
地下车库出入口的设置不合理,地下车库出入口的设置布合里
小区内部存在未回填的大坑,小区内部存再未回填的大坑
由于施工方失误导致外管接口留错,由于施王方失误导致外管接日留错
反而要求居民承担整改费用,反而要求居民承担整改费佣
对车辆和行人的正常通行造成影响,对车辆合行人的正常通行造成影响
楼盘长时间处于停工状态,楼盘厂其长时间处于停工状态
存在墙体不平整、吊顶不平整等问题,存再墙体不平整、吊顶布平等问题
物业公司未经允许擅自上涨物业费,地业公司未经允许擅自上涨物业费
科技六路没有直达西三环的公交车辆,科技六路没有直达西彡环的公交车辆
同时提升城东区整体道路设施水平,同时地提升城东区整体道路设施水平
拉运砂石料产生的噪音严重干扰周边居民休息,拉运砂石料产生地噪音严重干扰周边居民休息
并且存在井盖高于路面的问题,并且存再井盖高于路面的问题
凤栖东路虽然设有路灯，但长期不开启,凤栖东路虽然设有路灯，但长器不开启
夜间出行存在安全风险,夜间处行存再安全风险
融创延安宸院小区的基础设施不完善,融创延安宸院小区的基础设施布完善
应对 “十四五” 时期经济社会发展新形势、群众新期待及基层治理新任务,应对 “十四五” 时器睛济社会发展新形势、群众新期待及基层治理新任务
我国城乡社区服务发展不平衡、不充分的问题仍较突出,窝国城乡社区服务发展布平衡、不充分的问题仍较突出
我就改善延安老旧城区山体居民生活基础设施提出若干建议,我就改善延安老旧城区山体居民生活基础设施提初若干建议
三迪金域蓝湾三期的基础设施尚未完工,三迪金域蓝湾三其的基础设施尚未完工
2019 年在房价处于最高位时购房,2019 年再房价处于最高得位时购房
至少服务应与价格相匹配,至少服务应与价格合相匹配罢
但西门、暖气、大坑等一系列问题尚未解决,但西门、暖气、大坑等一系列稳题尚未解决
浐灞生态区红星花园人才公租房的基础设施条件太差！,浐灞生态区红星花园八才公租房的基础设施条件夫差！
我是去年 6 月毕业的西安大学生,窝是去年 6 月毕业地西安大学生
有幸成功申请到浐灞生态区红星花园面向大学生的人才公租房,有幸成功申情到浐灞生态区红星花园面向大学生的人才公租房
灞桥区融创宸阅和鸣项目违规交房,灞桥区融创宸阅禾鸣项目违规交房
双方约定 2023 年 9 月 30 日交房,双方约定 2023 年 9 月 30 口交房
后来由于灞桥区住建局对监管资金监管失职,后来由于灞桥区住建局队监管资金监管失职
资金被开发商挪用，导致房屋无法按时交付,资金被开发商挪永，导致已致房屋无法按时交付
之后在政府 “保交楼” 疏困资金的支持下,之后再政府 “保交楼” 疏困资金的支持下
翠屏湾小区的环境脏乱差,地屏湾小区的环境脏乱差
物业未征得业主同意便让外包私人企业进入小区,物业未征得未井业主同意便让外包私人企业进倒小区
物业不维修小区基础设施的破损问题,物业布维修小区基础设施的破损问题
翠屏湾小区的基础设施条件较差,地屏湾小区的基础设施条件较差
我是翠屏湾三期的业主之一,我是翠屏湾三期得的业主之一
我在 2016 年 9 月接收房屋,窝再 2016 年 9 月接收房屋
2017 年 4 月入住该小区,地 017 年 4 月入住该小区
西安信息职业大学基础设施不足，但迟迟未完善,西安信息职业大学基础设施布足，但迟迟未完善
宿舍四人间每年的费用为四千五百元,宿舍四人间每年的费用为四千五百得费永元
贵网反映了 “紫薇瑞纳时代小区基础设施不完善” 等情况,贵网反映了 “紫薇瑞纳时代小区基础设施布完善” 等情况
突发火情该如何救援？”“礼泉县福海锦都小区强行交房四年,突髮火情该如何救援？”“礼泉县福海锦都小区强行交房四年
基础设施不完善” 等相关问题,基础设施布完善” 等相关问题
兴平市绿城・桂语江南小区物业管理失职,兴平市绿城・桂语江南小区物业管里失职
万科雁鸣湖小区周边没有配建公交首末站及调度站等基础设施,万科雁鸣湖小区周边没有配建公交首未站及调度站等基础设施
不具备新开、调整和延伸公交线路的条件,布具备新开、调整和延伸公交线路地条件
长安区融发心园小区的物业不作为,长安区融发心园小区的物业不作伪
宁强县筒车河搬迁房缺乏监管措施,地强县筒车河搬迁房缺乏监管措施
宁强县筒车河移民搬迁房 2 期交房已近 3 个月,宁强县筒车河移民搬迁房 2 器交房已近 3 个月
38 号楼 1 单元的 9 户农民在装修过程中感到痛苦,38 号楼 1 单元的 9 户农民再装修过程中感到痛苦
期盼着能早日住进用血汗钱买的房子,期盼着能早日住进盼这用血汗钱买得房子
区域内机场、城际铁路等基础设施项目实现 “同步规划、实施与运营”,区域内机场、城际铁路等的铁基础设施项目实现 “同步规划、实施与运营”
推动道路对接与交通同城化,推动道路队接与交通同城化
我们是西安公馆的五百户商品房业主,窝们士西安公馆的五百户商品房业主
此处有附近省人民医院、红会医院等的医生团队,此处者礼有附近省人民医院、红会医院等的医生团队
存在从一线城市返乡定居的创业人员,存在友从一线城市返乡定居的创业人员
怀着对高品质生活的期望，我们高价购买了西安公馆这一皇城脚下的高尚住宅,怀着怀这对高品质生活的期望，我们高价购买了西安公馆这一皇城脚下的高尚住宅
临潼区华清池景区的基础设施较为老旧,再临潼区华清池景区的基础设施较为老旧
第一沣科花园 B 区物业公司在小区管理上存在脏乱差问题,第一沣科花园 B 区物业公司在小区管里上存在脏乱差问题
小区园区内的草坪杂草丛生，多年未修剪,小区园区内的草坪杂草丛生，多年布修剪
电梯经常出现问题且得不到有效解决,电梯经常出现初问题且得不到有效解决
靖边县金地华府小区一期项目违规交房,靖边县金得华府小区一期项目违规交房
靖边县金地华府一期未经过任何部门验收,靖边县金得华府一期未井过任何部门验收
消防、绿化、电梯等设施及小区大门均未完善,消防、绿化、电梯等设施及小区大门均没又完善
并且交房的条件是先缴纳费用,并且交房的条件是事先缴纳费用
为何不先看房再交钱？,为何不先看房旧再交钱？
小区天然气等基础设施配备不到位,小区天燃气等基础设施配备不到位
业主是否可以索赔？究竟何时能解决问题？,业主是否可以索赔？道底究竟何时能解决问题？
关于 “缺乏基础设施” 的新闻线索调查函已收到,关于 “缺乏基础设施” 得的新闻线索调查函以收到
宝鸡三迪金域蓝湾三期住宅小区,宝鸡三迪金域蓝湾三其住宅小区
小区的一个出入口（消防通道）,小区的一个初入日（消防通道）
地下车库仅有一个宽度不足的出口,的下车库仅有一个宽度不足地出口
并且收费时仅提供一张标注后期费用的收据,并且收费时仅提供一张标注后其费佣的收据
小区基础设施使用年限较长，较为陈旧,小区基础设施使用年限较常，较为陈旧
因为小区地面停车位较为紧张,因为由千小区得面停车位较为紧张
西安大白杨南路与大兴东路交叉口交通拥堵,西安夫白杨南路与夫兴东路交叉口交通拥堵
白杨南路与大兴东路十字北侧的 511 路、S8 路公交站牌离十字路口较近,白杨南路与大兴东路十字北侧地 511 路、S8 路公交站牌离十字路口较近
存在网友向西部网民生热线反映情况,存在又网友向西部网民生热线反映情况
洛南县三要沙河桥建成后路面存在多处坑洼,洛南县三药沙河桥建成后路面存在多处坑洼
期望相关部门尽快对路面进行硬化,期望友关相关部门尽快对路面进行硬化
大融城开业后对交通造成严重影响,天融城开业后对交通造成严重影响
交警封闭辅路入口，反而更添拥堵,交警封闭辅路入日，反而更添拥堵
首先恭喜北郊新增一家大型综合商业体 —— 大融城,首先恭喜北郊新增一家天型综合商业体 —— 天融城
早知道周末加上周边商场多会拥堵,早纸道周末加上周边商场多会绘堵
昨天镐京大道因修路设置围挡,昨天镐京夫道因修路设置围挡
阻断了从镐京大道前往市区的道路,阻断了从丛镐京犬道前往市区的道路
所有行人都被挤到绕城辅道，从吾悦广场前方道路通行,所有行人都被倍挤到绕城辅道，从吾悦广场前方道路过趣
该位置是阿房宫高速路口，车辆原本就多,该位置是阿房宫高速路口，车辆原本旧多
原本十分钟的路程，这次却花费了两小时,原本原莱十分钟的路程，这次却花费了两小时
政府修路本是好事，但没考虑百姓的出行需求,政府修路本是好事，但没考虑百姓地出行需求
真的没有任何同级别景区的引导和管理差到这种程度,真的梅有任何同级别景区的引导和管里差到这种程度
看到管理成这样难道不觉得丢脸吗,看到管理成者样难道不觉得布丢脸吗
旅游管理的水平差成这个样子,旅游管里的水平差成者个样子
景区门口的交通引导秩序混乱,景区门目的交通引导秩序混乱
不打表的黑出租车把马路堵得都是,布打表的黑处租车把马路堵得都是
期望相关部门能够重视这件事,期望相关部门嫩够重视这件事
鄠邑区交通运输局作出了回复,鄠邑区交通运输局作出了囗复
客运公司为进一步强化管理工作,客运公司伪进一步强化管里工作
对各车队负责人开展了集中约谈,对各车队负责入开展了集中约谈
我公司接到网友反映 “西安 241 路公交车司机服务态度差,我公司接道网友反映 “西安 241 路公交车司机服务态度差
米秦路中段是一条狭窄细长的鞋带路,米秦路中段是一条狭尝细长的鞋带路
只要路边停一辆车或出现其他小状况，就会造成米秦路交通瘫痪,只要路边停一辆车或出现其它小状况，就会造成米秦路交通瘫痪
西安市吉祥商贸仓储中心及其对面的米高路涵洞路口，是最易发生拥堵的两个地方,西安市吉祥商贸仓储中心及其兑面的米高路涵洞路口，是最易发生拥堵的两个地方
希望交通管理部门能重点整治这两个地方,希望交通管理部门嫩重点整治这两个得方
咱们西安市莲湖区星火路与自强西路、丰禾路附近，目前正在修立交桥以解决周边交通拥堵问题,咱们西安市莲湖区星火路与自强西路、丰禾路附近，目前正在修立交桥已解决周边交通拥堵稳题
这可是为咱老百姓办的一件大好事,这可是为咱老百姓办的一件大号事
崇皇街道老桑军路两侧有车辆乱停乱放,地皇街道老桑军路两侧有车辆乱停乱放
导致每天早晚接送孩子时交通十分拥堵,导致每犬早晚接送孩子时交通十分拥堵
有时候连电动车、自行车都无法通过,有时候连又时电动车、自行车都无法通过
同时也存在十分严重的交通安全隐患,同时野存在十分严重得交通安全隐患
珠江新城小区近期频繁发生多起不文明养犬事件，危害公共安全与环境卫生,珠江新城小区近期频繁发生多起不文明养犬事件，危害公共安全与环境卫生得不
已对数百户居民的生命健康和社区和谐造成威胁,己兑数百户居民的生命健康和社区和谐造成威胁
曲江公馆和园私挖地下室，对公共安全造成危害,曲江公馆和园私挖的下室，对公共安全造成危害
西安市曲江池北路 999 号曲江公馆和园私挖地下室一事，已向相关部门反映多次,西安市曲江池北路 999 号曲江公馆和园私挖地下室一事，以经向相关部门反映国多次
城管部门就好像消失了一样,城管部门就旧相消失了一样
3 月 13 日下午五点钟左右乘坐公交车时,3 月 13 口下午五点钟左右乘坐公交车时
有一辆车牌号为陕 AU6181 的出租车,有一辆车牌号为陕 AU6181 的处租车
突然拐到公交站牌处拉客,突燃拐到公交站牌处拉客
不让公交车进站，后面好多公交车都堵在路中间,不让公交车进站，后面号多公交车都堵在路中间
物业面对公共安全隐患问题，始终熟视无睹,物业面队公共安全隐患问题，始终熟视无睹
